sku,name,slug,description,shortDescription,regularPrice,stockQuantity,stockStatus,categoryPath,brand,attributes,mainImageUrl,galleryImageUrls,seoTitle,seoDescription,sourceUrl,currencyCode,keywords,status
HTCSER001,D28 M11 KT B2 Seramik,d28-m11-kt-b2-seramik-htcser001,"Precitec, Bodor, Raytools Uyumlu Yüksek Kaliteli Seramik; Dış Çap: 28mm / 24.5mm İç Çap: M11 Pim Kaplama: Gold-Plated Max Güç: 15000W (15kw) Kullanılan Makina Markaları: Durma, Ermaksan, Dener, Mvd, Accurl ve Tüm Precitec'ler.",D28 M11 KT B2 Seramik,499.00,150,instock,Seramikler,PRECITEC,Marka:PRECITEC|Model:HTCSER001|Para Birimi:TL|Dış Çap:28mm / 24.5mm|İç Çap:M11 Pim|Kaplama:Gold-Plated|Max Güç:15000W (15kw),https://www.htclazer.com/image/cache/data/miltas-p0571-1051-00001-kt-b2-d28-seramik-tutucu-2-133627400970966507-800x800.jpg,,D28 M11 KT B2 Seramik | HTC Lazer,D28 M11 KT B2 Seramik,https://www.htclazer.com/korumacami-htclazer-seramik-durma-ermaksan-nukon-precitec-lazer-lazerkesim-procutter-durmazlar-lazersarfmalzeme-fiber-cam-lazeryedekparca-lazercam-fiberlazer-5,TRY,d28|m11|seramik|htcser001|precıtec|seramikler,publish
HTCCAM22354,D22.35 d4 Lens Koruma Camı (Japon Ham Madde-%99 Işın İletimi),d22-35-d4-lens-koruma-cami-japon-ham-madde-99-isin-iletimi-htccam22354,"Precitec HpSsl-Plus Lens Koruma Camı Japan Silica Glass Dış Çap: 22,35mm Kalınlık: 4mm Kaplama: AR K9 @ 1064nm T- 1080nm T Yansıma Yüzeyi: 15J/cm2 Yüzey Kalitesi: 20/10 Max Güç: 8000W (8kw) D22.35 D4 P0589-360-00002 Lens Koruyucu Cam Kullanılan Makina Markaları: Durma, Ermaksan, Dener, Mvd, Accurl ve Tüm HpSsl-Plus'larda. 'HTC LAZER MAKİNE SERVİS VE YEDEK PARÇA SATIŞI TİC. LTD. ŞTİ.' Doğrudan İthalatçı Firmadır.",D22.35 d4 Lens Koruma Camı (Japon Ham Madde-%99 Işın İletimi),249.00,369,instock,Koruma Camları,PRECITEC,"Marka:PRECITEC|Model:HTCCAM22354|Para Birimi:TL|Dış Çap:22,35mm|Kalınlık:4mm|Kaplama:AR K9 @ 1064nm T- 1080nm T|Yansıma Yüzeyi:15J/cm2|Yüzey Kalitesi:20/10|Max Güç:8000W (8kw) D22.35 D4 P0589-360-00002 Lens Koruyucu Cam",https://www.htclazer.com/image/cache/data/images-2--800x800.jpeg,,D22.35 d4 Lens Koruma Camı (Japon Ham Madde-%99 Işın İletimi) | HTC Lazer,D22.35 d4 Lens Koruma Camı (Japon Ham Madde-%99 Işın İletimi),https://www.htclazer.com/precitec-og-y-d22-35-d4-p0589-360-00002-lens-koruyucu-cam,TRY,d22.35|lens|koruma|camı|(japon|ham|madde-%99|ışın|iletimi)|htccam22354|precıtec|camları,publish
HTCCAM377M,D37 d7 20kw Lens Koruma Camı (Japon Ham Madde-%99 Işın İletimi),d37-d7-20kw-lens-koruma-cami-japon-ham-madde-99-isin-iletimi-htccam377m,"Precitec ProCutter, Raytools, Bodor Lens Koruma Camı Japan Silica Glass Dış Çap: 37mm Kalınlık: 7mm Kaplama: AR K9 @ 1064nm T- 1080nm T Yansıma Yüzeyi: 15J/cm2 Yüzey Kalitesi: 20/10 Max Güç: 20000W (20kw) Kullanılan Makina Markaları:Ermaksan, Dener, Mvd, Accurl ve Tüm ProCutter'lar. 'HTC LAZER MAKİNE SERVİS VE YEDEK PARÇA SATIŞI TİC. LTD. ŞTİ.' Doğrudan İthalatçı Firmadır.",D37 d7 20kw Lens Koruma Camı (Japon Ham Madde-%99 Işın İletimi),399.00,950,instock,Koruma Camları,PRECITEC,Marka:PRECITEC|Model:HTCCAM377M|Para Birimi:TL|Dış Çap:37mm|Kalınlık:7mm|Kaplama:AR K9 @ 1064nm T- 1080nm T|Yansıma Yüzeyi:15J/cm2|Yüzey Kalitesi:20/10|Max Güç:20000W (20kw),https://www.htclazer.com/image/cache/data/71pu3wo63ol-800x800.jpg,,D37 d7 20kw Lens Koruma Camı (Japon Ham Madde-%99 Işın İletimi) | HTC Lazer,D37 d7 20kw Lens Koruma Camı (Japon Ham Madde-%99 Işın İletimi),https://www.htclazer.com/korumacami-htclazer-seramik-durma-ermaksan-nukon-precitec-lazer-lazerkesim-procutter-durmazlar-lazersarfmalzeme-fiber-cam-lazeryedekparca-lazercam-fiberlazer-4,TRY,d37|20kw|lens|koruma|camı|(japon|ham|madde-%99|ışın|iletimi)|htccam377m|precıtec|camları,publish
HTCCAM3015,D30 d1.5 Kolimatör / Lens Koruma Camı (Japon Ham Madde-%99 Işın İletimi),d30-d1-5-kolimator-lens-koruma-cami-japon-ham-madde-99-isin-iletimi-htccam3015,"Precitec HpSsl Plus Kolimatör Lens Koruma Camı Japan Silica Glass Dış Çap: 30mm Kalınlık: 1.5mm Kaplama: AR K9 @ 1064nm T- 1080nm T Yansıma Yüzeyi: 15J/cm2 Yüzey Kalitesi: 20/10 Max Güç: 8000W (8kw) Kullanılan Makina Markaları: Durma, Ermaksan, Dener, Mvd, Accurl ve Tüm HpSsl Plus'larda. Precitec OG D30 d1.5 P0253-1034-00001 Kolimatör Koruyucu Cam 'HTC LAZER MAKİNE SERVİS VE YEDEK PARÇA SATIŞI TİC. LTD. ŞTİ.' Doğrudan İthalatçı Firmadır.",D30 d1.5 Kolimatör / Lens Koruma Camı (Japon Ham Madde-%99 Işın İletimi),299.00,172,instock,Koruma Camları,PRECITEC,Marka:PRECITEC|Model:HTCCAM3015|Para Birimi:TL|Dış Çap:30mm|Kalınlık:1.5mm|Kaplama:AR K9 @ 1064nm T- 1080nm T|Yansıma Yüzeyi:15J/cm2|Yüzey Kalitesi:20/10|Max Güç:8000W (8kw),https://www.htclazer.com/image/cache/data/71pu3wo63ol-800x800.jpg,,D30 d1.5 Kolimatör / Lens Koruma Camı (Japon Ham Madde-%99 Işın İletimi) | HTC Lazer,D30 d1.5 Kolimatör / Lens Koruma Camı (Japon Ham Madde-%99 Işın İletimi),https://www.htclazer.com/korumacami-htclazer-seramik-durma-ermaksan-nukon-precitec-lazer-lazerkesim-procutter-durmazlar-lazersarfmalzeme-fiber-cam-lazeryedekparca-lazercam-fiberlazer-3,TRY,d30|d1.5|kolimatör|lens|koruma|camı|(japon|ham|madde-%99|ışın|iletimi)|htccam3015|precıtec|camları,publish
HTCCAM365,"D36 d5 Nukon, Highyag Lens Koruma Camı (Japon Ham Madde-%99 Işın İletimi)",d36-d5-nukon-highyag-lens-koruma-cami-japon-ham-madde-99-isin-iletimi-htccam365,"Nukon / HighYag / Bystronic Lens Koruma Camı Japan Silica Glass Dış Çap: 36mm Kalınlık: 5mm Kaplama: AR K9 @ 1064nm T- 1080nm T Yansıma Yüzeyi: 15J/cm2 Yüzey Kalitesi: 20/10 Max Güç: 12000W (12kw) Kullanılan Makina Markaları: Nukon, Bystronic ve Tüm HighYag'larda. 'HTC LAZER MAKİNE SERVİS VE YEDEK PARÇA SATIŞI TİC. LTD. ŞTİ.' Doğrudan İthalatçı Firmadır.","D36 d5 Nukon, Highyag Lens Koruma Camı (Japon Ham Madde-%99 Işın İletimi)",329.00,200,instock,Koruma Camları,Nukon/HighYag,Marka:Nukon/HighYag|Model:HTCCAM365|Para Birimi:TL|Dış Çap:36mm|Kalınlık:5mm|Kaplama:AR K9 @ 1064nm T- 1080nm T|Yansıma Yüzeyi:15J/cm2|Yüzey Kalitesi:20/10|Max Güç:12000W (12kw),https://www.htclazer.com/image/cache/data/images-2--800x800.jpeg,,"D36 d5 Nukon, Highyag Lens Koruma Camı (Japon Ham Madde-%99 Işın İletimi) | HTC Lazer","D36 d5 Nukon, Highyag Lens Koruma Camı (Japon Ham Madde-%99 Işın İletimi)",https://www.htclazer.com/korumacami-htclazer-seramik-durma-ermaksan-nukon-precitec-lazer-lazerkesim-procutter-durmazlar-lazersarfmalzeme-fiber-cam-lazeryedekparca-lazercam-fiberlazer-2,TRY,d36|nukon|highyag|lens|koruma|camı|(japon|ham|madde-%99|ışın|iletimi)|htccam365|camları,publish
HTCSER003,Nukon/Highyag Seramik-A (Düz),nukon-highyag-seramik-a-duz-htcser003,"Nukon, Highyag, Bystronic Uyumlu Seramik Dış Çap: 24mm İç Çap: M11 Pim Kaplama: Gold-Plated Max Güç: 8000W (8kw) Kullanılan Makina Markaları: Nukon, Bystronic ve Tüm Highyag'lar. Menşe Ülke: Almanya",Nukon/Highyag Seramik-A (Düz),899.00,10,instock,Seramikler,Nukon/HighYag,Marka:Nukon/HighYag|Model:HTCSER003|Para Birimi:TL|Dış Çap:24mm|İç Çap:M11 Pim|Kaplama:Gold-Plated|Max Güç:8000W (8kw)|Menşe:Almanya,https://www.htclazer.com/image/cache/data/nukon/Nukon1-800x800.jpg,,Nukon/Highyag Seramik-A (Düz) | HTC Lazer,Nukon/Highyag Seramik-A (Düz),https://www.htclazer.com/nukon-highyag-seramik-a,TRY,nukon|highyag|seramik-a|(düz)|htcser003|seramikler,publish
M11STNZD,D28 H15 M11 Double Nozzle (Avrupa Üretim),d28-h15-m11-double-nozzle-avrupa-uretim-m11stnzd,"Marka HTC Menşei Avrupa Yapı Dışı Konik Tip HP Hava Kanalı VAR (DOUBLE) Materyal Bakır (Krom kaplama) Seramik Tipi KT B2 - KT XB Dış Çap (mm) Ø 28 Yükseklik (mm) 15 Vida Çapı/Diş (mm) M 11 Oto. Nozul Değiştirme Hayır Uyumlu Olduğu Kafa ProCutter 1.0 ProCutter 2.0 (KT XB ile) LıghtCutter 1.0 - 2.0 HpSSL - HpSSL Plus MiniCutter 2D, BOCİ 'HTC LAZER MAKİNE SERVİS VE YEDEK PARÇA SATIŞI TİC. LTD. ŞTİ.' Doğrudan İthalatçı Firmadır.",D28 H15 M11 Double Nozzle (Avrupa Üretim),199.00,99,instock,Nozullar,PRECITEC,Marka:PRECITEC|Model:M11STNZD|Para Birimi:TL,https://www.htclazer.com/image/cache/data/nozzle/double/nozzle_double_duz-800x800.jpg,,D28 H15 M11 Double Nozzle (Avrupa Üretim) | HTC Lazer,D28 H15 M11 Double Nozzle (Avrupa Üretim),https://www.htclazer.com/precitec-double-1-0mm-p0591-002-00010-nozzle,TRY,d28|h15|m11|double|nozzle|(avrupa|üretim)|m11stnzd|precıtec|nozullar,publish
HTCSER002,M14 D32 Raytools L3538 Seramik,m14-d32-raytools-l3538-seramik-htcser002,Bodor/Raytools/WSX/Hans/Oree/Gewek/Hsg/JQ/Mekotek Uyumlu Seramik; Dış Çap: 32mm / 28.5mm İç Çap: M14 Pim Kaplama: Gold-Plated Max Güç: 1500W (15kw) Kullanılan Makina Markaları: Raytools/WSX/Hans/Bodor,M14 D32 Raytools L3538 Seramik,499.00,214,instock,Seramikler,RAYTOOLS,Marka:RAYTOOLS|Model:HTCSER002|Para Birimi:TL|Dış Çap:32mm / 28.5mm|İç Çap:M14 Pim|Kaplama:Gold-Plated|Max Güç:1500W (15kw),https://www.htclazer.com/image/cache/data/20201228-230055-800x800.jpg,,M14 D32 Raytools L3538 Seramik | HTC Lazer,M14 D32 Raytools L3538 Seramik,https://www.htclazer.com/raytools-m14-l3538-seramik-orjinal,TRY,m14|d32|raytools|l3538|seramik|htcser002|seramikler,publish
HTCSER004,Nukon/Highyag Seramik-B (Konik),nukon-highyag-seramik-b-konik-htcser004,"Nukon, Highyag, Bystronic Uyumlu Seramik Dış Çap: 24mm İç Çap: M11 Pim Kaplama: Gold-Plated Max Güç: 8000W (8kw) Kullanılan Makina Markaları: Nukon, Bystronic ve Tüm Highyag'lar. Menşe Ülke: Almanya",Nukon/Highyag Seramik-B (Konik),899.00,13,instock,Seramikler,Nukon/HighYag,Marka:Nukon/HighYag|Model:HTCSER004|Para Birimi:TL|Dış Çap:24mm|İç Çap:M11 Pim|Kaplama:Gold-Plated|Max Güç:8000W (8kw)|Menşe:Almanya,https://www.htclazer.com/image/cache/data/nukb-800x800.jpg,,Nukon/Highyag Seramik-B (Konik) | HTC Lazer,Nukon/Highyag Seramik-B (Konik),https://www.htclazer.com/nukon-highyag-seramik-b,TRY,nukon|highyag|seramik-b|(konik)|htcser004|seramikler,publish
HTCLNS005,"PRECITEC OL HP SSL F125 M  LENS VE TUTUCU 5"" P0591-1208-00001",precitec-ol-hp-ssl-f125-m-lens-ve-tutucu-5-p0591-1208-00001-htclns005,"Precitec F125 5'' Lens, Kovan Dahil Fiyattır. Eski kovan İade edilmesi Gereklidir. 4KW Max Power","PRECITEC OL HP SSL F125 M  LENS VE TUTUCU 5"" P0591-1208-00001",750.00,0,outofstock,Lensler,PRECITEC,Marka:PRECITEC|Model:HTCLNS005|Para Birimi:EUR,https://www.htclazer.com/image/cache/data/h22b270bedf5943aca9527f37aea3ecc49-800x800.jpg,,"PRECITEC OL HP SSL F125 M  LENS VE TUTUCU 5"" P0591-1208-00001 | HTC Lazer","PRECITEC OL HP SSL F125 M  LENS VE TUTUCU 5"" P0591-1208-00001",https://www.htclazer.com/precitec-ol-hp-ssl-f125-m-lens-ve-tutucu-5-quot-p0591-1208-00001,EUR,precıtec|ssl|f125|lens|tutucu|p0591-1208-00001|htclns005|lensler,publish
HTCCAM3555,D35.5 d5 Nukon Lens Koruma Camı (Japon Ham Madde-%99 Işın İletimi),d35-5-d5-nukon-lens-koruma-cami-japon-ham-madde-99-isin-iletimi-htccam3555,Nukon'un Kendi Üretimi Olan Kesme Kafası İçin Lens Koruma Camı Japan Silica Glass Dış Çap: 35.5mm Kalınlık: 5mm Kaplama: AR K9 @ 1064nm T- 1080nm T Yansıma Yüzeyi: 15J/cm2 Max Güç: 12000W (12kw) Kullanılan Makina Markaları: Nukon Yeni Kafa 'HTC LAZER MAKİNE SERVİS VE YEDEK PARÇA SATIŞI TİC. LTD. ŞTİ.' Doğrudan İthalatçı Firmadır.,D35.5 d5 Nukon Lens Koruma Camı (Japon Ham Madde-%99 Işın İletimi),299.00,103,instock,Koruma Camları,Nukon/HighYag,Marka:Nukon/HighYag|Model:HTCCAM3555|Para Birimi:TL|Dış Çap:35.5mm|Kalınlık:5mm|Kaplama:AR K9 @ 1064nm T- 1080nm T|Yansıma Yüzeyi:15J/cm2|Max Güç:12000W (12kw),https://www.htclazer.com/image/cache/data/2026/logo/h5677f483b33041f7a0a4489b6dd3622eo-800x800.jpg,,D35.5 d5 Nukon Lens Koruma Camı (Japon Ham Madde-%99 Işın İletimi) | HTC Lazer,D35.5 d5 Nukon Lens Koruma Camı (Japon Ham Madde-%99 Işın İletimi),https://www.htclazer.com/nukon-og-y-d35-5-d5-lens-koruyucu-cam-yeni-kafa,TRY,d35.5|nukon|lens|koruma|camı|(japon|ham|madde-%99|ışın|iletimi)|htccam3555|highyag|camları,publish
HTCSER010,Bystronic Seramik Halka Pin: 4-01642 / 4-00569 D25.9 H4,bystronic-seramik-halka-pin-4-01642-4-00569-d25-9-h4-htcser010,Bystronic Seramik Halka Pin: 4-01642 / 4-00569 D25.9 H4 için HTC Lazer eski mağaza verisinden aktarılan ürün kaydı.,Bystronic Seramik Halka Pin: 4-01642 / 4-00569 D25.9 H4,299.00,10,instock,Seramikler,BYSTRONIC,Marka:BYSTRONIC|Model:HTCSER010|Para Birimi:TL,https://www.htclazer.com/image/cache/data/urunler/bystronic/4-01642-4-00569-1-copy-copy-800x800.jpg,,Bystronic Seramik Halka Pin: 4-01642 / 4-00569 D25.9 H4 | HTC Lazer,Bystronic Seramik Halka Pin: 4-01642 / 4-00569 D25.9 H4,https://www.htclazer.com/bystronic-seramik-halka-pin-4-01642-4-00569-d25-9-h4,TRY,bystronic|seramik|halka|pin:|4-01642|4-00569|d25.9|htcser010|bystronıc|seramikler,publish
HTCSER009,Bystronic Seramik Halka Pin: 4-09010 D28 H6.5,bystronic-seramik-halka-pin-4-09010-d28-h6-5-htcser009,Bystronic Seramik Halka Pin: 4-09010 D28 H6.5 için HTC Lazer eski mağaza verisinden aktarılan ürün kaydı.,Bystronic Seramik Halka Pin: 4-09010 D28 H6.5,299.00,10,instock,Seramikler,BYSTRONIC,Marka:BYSTRONIC|Model:HTCSER009|Para Birimi:TL,https://www.htclazer.com/image/cache/data/urunler/bystronic/4-09010/4-09010-1-copy-800x800.jpg,,Bystronic Seramik Halka Pin: 4-09010 D28 H6.5 | HTC Lazer,Bystronic Seramik Halka Pin: 4-09010 D28 H6.5,https://www.htclazer.com/bystronic-seramik-halka-pin-4-09010-d28-h6-5,TRY,bystronic|seramik|halka|pin:|4-09010|d28|h6.5|htcser009|bystronıc|seramikler,publish
HTCSER008,Bystronic Seramik Halka Pin: 10032838 D26 H11.5,bystronic-seramik-halka-pin-10032838-d26-h11-5-htcser008,Bystronic Seramik Halka Pin: 10032838 D26 H11.5 için HTC Lazer eski mağaza verisinden aktarılan ürün kaydı.,Bystronic Seramik Halka Pin: 10032838 D26 H11.5,299.00,10,instock,Seramikler,BYSTRONIC,Marka:BYSTRONIC|Model:HTCSER008|Para Birimi:TL,https://www.htclazer.com/image/cache/data/urunler/bystronic/10032838/10032838-1-copy-800x800.jpg,,Bystronic Seramik Halka Pin: 10032838 D26 H11.5 | HTC Lazer,Bystronic Seramik Halka Pin: 10032838 D26 H11.5,https://www.htclazer.com/bystronic-seramik-halka-pin-10032838-d26-h11-5,TRY,bystronic|seramik|halka|pin:|10032838|d26|h11.5|htcser008|bystronıc|seramikler,publish
HTCSER011,Nukon/HighYag Seramik Halka,nukon-highyag-seramik-halka-htcser011,Nukon/HighYag Seramik Halka için HTC Lazer eski mağaza verisinden aktarılan ürün kaydı.,Nukon/HighYag Seramik Halka,699.00,0,outofstock,Seramikler,Nukon/HighYag,Marka:Nukon/HighYag|Model:HTCSER011|Para Birimi:TL,https://www.htclazer.com/image/cache/data/urunler/bystronic/nukon-halka/highyag-seramik-halka-1-copy-800x800.jpg,,Nukon/HighYag Seramik Halka | HTC Lazer,Nukon/HighYag Seramik Halka,https://www.htclazer.com/nukon-highyag-seramik-halka,TRY,nukon|highyag|seramik|halka|htcser011|seramikler,publish
M14STNZS,D32 H15 M14 Single Nozzle (Avrupa Üretim),d32-h15-m14-single-nozzle-avrupa-uretim-m14stnzs,D32 H15 M14 Single Nozzle (Avrupa Üretim) için HTC Lazer eski mağaza verisinden aktarılan ürün kaydı.,D32 H15 M14 Single Nozzle (Avrupa Üretim),199.00,0,outofstock,Nozullar,RAYTOOLS,Marka:RAYTOOLS|Model:M14STNZS|Para Birimi:TL,https://www.htclazer.com/image/cache/data/nozzle/m14-single/single-nozzle-copy-800x800.jpg,,D32 H15 M14 Single Nozzle (Avrupa Üretim) | HTC Lazer,D32 H15 M14 Single Nozzle (Avrupa Üretim),https://www.htclazer.com/m14-single-nozzle-1-0mm,TRY,d32|h15|m14|single|nozzle|(avrupa|üretim)|m14stnzs|raytools|nozullar,publish
M14STNZD,D32 H15 M14 Double Nozzle (Avrupa Üretim),d32-h15-m14-double-nozzle-avrupa-uretim-m14stnzd,D32 H15 M14 Double Nozzle (Avrupa Üretim) için HTC Lazer eski mağaza verisinden aktarılan ürün kaydı.,D32 H15 M14 Double Nozzle (Avrupa Üretim),199.00,0,outofstock,Nozullar,RAYTOOLS,Marka:RAYTOOLS|Model:M14STNZD|Para Birimi:TL,https://www.htclazer.com/image/cache/data/nozzle/m14-single/double-nozzle-copy-800x800.jpg,,D32 H15 M14 Double Nozzle (Avrupa Üretim) | HTC Lazer,D32 H15 M14 Double Nozzle (Avrupa Üretim),https://www.htclazer.com/m14-double-nozzle-1-0mm,TRY,d32|h15|m14|double|nozzle|(avrupa|üretim)|m14stnzd|raytools|nozullar,publish
HTCSER006,İpg Seramik Nozzle Holder M11 28.7/23.2,ipg-seramik-nozzle-holder-m11-28-7-23-2-htcser006,İpg Seramik Nozzle Holder M11 28.7/23.2 için HTC Lazer eski mağaza verisinden aktarılan ürün kaydı.,İpg Seramik Nozzle Holder M11 28.7/23.2,149.00,7,instock,Nozullar,OSPRI,Marka:OSPRI|Model:HTCSER006|Para Birimi:TL,https://www.htclazer.com/image/cache/data/urunler/ipg/ipg-1-copy-800x800.jpg,,İpg Seramik Nozzle Holder M11 28.7/23.2 | HTC Lazer,İpg Seramik Nozzle Holder M11 28.7/23.2,https://www.htclazer.com/ipg-seramik-nozzle-holder-m11-28-7-23-2,TRY,ipg|seramik|nozzle|holder|m11|28.7|23.2|htcser006|osprı|nozullar,publish
HTCSER004XB,Precitec Procutter 2.0 KT XB P0595-94097 Seramik,precitec-procutter-2-0-kt-xb-p0595-94097-seramik-htcser004xb,Precitec Procutter 2.0 Uyumlu Yüksek Kaliteli Seramik; Dış Çap: 31mm / 26.5mm İç Çap: M11 Pim Kaplama: Gold-Plated.Max Güç: 10000W (10kw) Kullanılan Makina Markaları: Pecitec Procutter 2.0 Menşe Ülke: Almanya,Precitec Procutter 2.0 KT XB P0595-94097 Seramik,499.00,189,instock,Seramikler,PRECITEC,Marka:PRECITEC|Model:HTCSER004XB|Para Birimi:TL|Dış Çap:31mm / 26.5mm|İç Çap:M11 Pim|Kaplama:Gold-Plated.Max Güç: 10000W (10kw)|Max Güç:10000W (10kw)|Menşe:Almanya,https://www.htclazer.com/image/cache/data/kt-xb1-800x800.jpeg,,Precitec Procutter 2.0 KT XB P0595-94097 Seramik | HTC Lazer,Precitec Procutter 2.0 KT XB P0595-94097 Seramik,https://www.htclazer.com/precitec-procutter-2-0-kt-xb-p0595-94097-seramik,TRY,precitec|procutter|2.0|p0595-94097|seramik|htcser004xb|precıtec|seramikler,publish
HTCCAM38116,D38.1 d1.6 RayTools Lens Koruma Camı (Japon Ham Madde-%99 Işın İletimi),d38-1-d1-6-raytools-lens-koruma-cami-japon-ham-madde-99-isin-iletimi-htccam38116,"RayTools Lens Koruma Camı (ÜST) Japan Silica Glass Dış Çap: 38.1mm Kalınlık: 1.6mm Kaplama: AR K9 @ 1064nm T- 1080nm T Yansıma Yüzeyi: 15J/cm2 Yüzey Kalitesi: 20/10 Max Güç: 8000W (8kw) Kullanılan RayTools Kafa Modelleri: BT210, BT240S, BM109, BM100, BM111 'HTC LAZER MAKİNE SERVİS VE YEDEK PARÇA SATIŞI TİC. LTD. ŞTİ.' Doğrudan İthalatçı Firmadır.",D38.1 d1.6 RayTools Lens Koruma Camı (Japon Ham Madde-%99 Işın İletimi),299.00,35,instock,Koruma Camları,RAYTOOLS,Marka:RAYTOOLS|Model:HTCCAM38116|Para Birimi:TL|Dış Çap:38.1mm|Kalınlık:1.6mm|Kaplama:AR K9 @ 1064nm T- 1080nm T|Yansıma Yüzeyi:15J/cm2|Yüzey Kalitesi:20/10|Max Güç:8000W (8kw),https://www.htclazer.com/image/cache/data/71pu3wo63ol-800x800.jpg,,D38.1 d1.6 RayTools Lens Koruma Camı (Japon Ham Madde-%99 Işın İletimi) | HTC Lazer,D38.1 d1.6 RayTools Lens Koruma Camı (Japon Ham Madde-%99 Işın İletimi),https://www.htclazer.com/raytools-og-y-d38-1-d1-6-8kw-lens-koruma-cami-ust,TRY,d38.1|d1.6|raytools|lens|koruma|camı|(japon|ham|madde-%99|ışın|iletimi)|htccam38116|camları,publish
HTCCAM382,D38 d2 RayTools Lens Koruma Camı (Japon Ham Madde-%99 Işın İletimi),d38-d2-raytools-lens-koruma-cami-japon-ham-madde-99-isin-iletimi-htccam382,RayTools Lens Koruma Camı (ÜST) Japan Silica Glass Dış Çap: 38mm Kalınlık: 2mm Kaplama: AR K9 @ 1064nm T- 1080nm T Yansıma Yüzeyi: 15J/cm2 Yüzey Kalitesi: 20/10 Max Güç: 8000W (8kw) Kullanılan RayTools Kafa Modelleri: BW330 'HTC LAZER MAKİNE SERVİS VE YEDEK PARÇA SATIŞI TİC. LTD. ŞTİ.' Doğrudan İthalatçı Firmadır.,D38 d2 RayTools Lens Koruma Camı (Japon Ham Madde-%99 Işın İletimi),299.00,25,instock,Koruma Camları,RAYTOOLS,Marka:RAYTOOLS|Model:HTCCAM382|Para Birimi:TL|Dış Çap:38mm|Kalınlık:2mm|Kaplama:AR K9 @ 1064nm T- 1080nm T|Yansıma Yüzeyi:15J/cm2|Yüzey Kalitesi:20/10|Max Güç:8000W (8kw),https://www.htclazer.com/image/cache/data/2026/logo/main-picture-800x800.jpg,,D38 d2 RayTools Lens Koruma Camı (Japon Ham Madde-%99 Işın İletimi) | HTC Lazer,D38 d2 RayTools Lens Koruma Camı (Japon Ham Madde-%99 Işın İletimi),https://www.htclazer.com/raytools-og-y-d38-d2-8kw-lens-koruma-cami,TRY,d38|raytools|lens|koruma|camı|(japon|ham|madde-%99|ışın|iletimi)|htccam382|camları,publish
HTCCAM343,D34 d3 Bystronic Lens Koruma Camı (Japon Ham Madde-%99 Işın İletimi),d34-d3-bystronic-lens-koruma-cami-japon-ham-madde-99-isin-iletimi-htccam343,Bystronic Lens Koruma Camı Japan Silica Glass Dış Çap: 34mm Kalınlık: 3mm Kaplama: AR K9 @ 1064nm T- 1080nm T Yansıma Yüzeyi: 15J/cm2 Yüzey Kalitesi: 20/10 Max Güç: 10000W (10kw) Kullanılan Bystronic Kafa Modelleri: 'HTC LAZER MAKİNE SERVİS VE YEDEK PARÇA SATIŞI TİC. LTD. ŞTİ.' Doğrudan İthalatçı Firmadır.,D34 d3 Bystronic Lens Koruma Camı (Japon Ham Madde-%99 Işın İletimi),299.00,83,instock,Koruma Camları,RAYTOOLS,Marka:RAYTOOLS|Model:HTCCAM343|Para Birimi:TL|Dış Çap:34mm|Kalınlık:3mm|Kaplama:AR K9 @ 1064nm T- 1080nm T|Yansıma Yüzeyi:15J/cm2|Yüzey Kalitesi:20/10|Max Güç:10000W (10kw) Kullanılan Bystronic Kafa Modelleri:,https://www.htclazer.com/image/cache/data/2026/logo/71pu3wo63ol-800x800.jpg,,D34 d3 Bystronic Lens Koruma Camı (Japon Ham Madde-%99 Işın İletimi) | HTC Lazer,D34 d3 Bystronic Lens Koruma Camı (Japon Ham Madde-%99 Işın İletimi),https://www.htclazer.com/bystronic-og-y-d34-d3-8kw-lens-koruma-cami,TRY,d34|bystronic|lens|koruma|camı|(japon|ham|madde-%99|ışın|iletimi)|htccam343|raytools|camları,publish
HTCCAM25415,"D25.4 d1.5 Nukon, HighYag Lens Koruma Camı (Japon Ham Madde-%99 Işın İletimi)",d25-4-d1-5-nukon-highyag-lens-koruma-cami-japon-ham-madde-99-isin-iletimi-htccam25415,Lens Koruma Camı Japan Silica Glass Dış Çap: 25.4mm Kalınlık: 1.5mm Kaplama: AR K9 @ 1064nm T- 1080nm T Yansıma Yüzeyi: 15J/cm2 Yüzey Kalitesi: 20/10 Max Güç: 8000W (8kw) Kullanılan Kafa Modelleri: 'HTC LAZER MAKİNE SERVİS VE YEDEK PARÇA SATIŞI TİC. LTD. ŞTİ.' Doğrudan İthalatçı Firmadır.,"D25.4 d1.5 Nukon, HighYag Lens Koruma Camı (Japon Ham Madde-%99 Işın İletimi)",299.00,54,instock,Koruma Camları,RAYTOOLS,Marka:RAYTOOLS|Model:HTCCAM25415|Para Birimi:TL|Dış Çap:25.4mm|Kalınlık:1.5mm|Kaplama:AR K9 @ 1064nm T- 1080nm T|Yansıma Yüzeyi:15J/cm2|Yüzey Kalitesi:20/10|Max Güç:8000W (8kw),https://www.htclazer.com/image/cache/data/2026/logo/h5677f483b33041f7a0a4489b6dd3622eo-800x800.jpg,,"D25.4 d1.5 Nukon, HighYag Lens Koruma Camı (Japon Ham Madde-%99 Işın İletimi) | HTC Lazer","D25.4 d1.5 Nukon, HighYag Lens Koruma Camı (Japon Ham Madde-%99 Işın İletimi)",https://www.htclazer.com/nukon-highyag-og-y-d25-4-d1-5-8kw-lens-koruma-cami,TRY,d25.4|d1.5|nukon|highyag|lens|koruma|camı|(japon|ham|madde-%99|ışın|iletimi)|htccam25415|raytools|camları,publish
HTCCAM322,D32 d2 Lens Koruma Camı (Japon Ham Madde-%99 Işın İletimi),d32-d2-lens-koruma-cami-japon-ham-madde-99-isin-iletimi-htccam322,Lens Koruma Camı Japan Silica Glass Dış Çap: 32mm Kalınlık: 2mm Kaplama: AR K9 @ 1064nm T- 1080nm T Yansıma Yüzeyi: 15J/cm2 Yüzey Kalitesi: 20/10 Max Güç: 8000W (8kw) Kullanılan Kafa Modelleri: 'HTC LAZER MAKİNE SERVİS VE YEDEK PARÇA SATIŞI TİC. LTD. ŞTİ.' Doğrudan İthalatçı Firmadır.,D32 d2 Lens Koruma Camı (Japon Ham Madde-%99 Işın İletimi),299.00,50,instock,Koruma Camları,RAYTOOLS,Marka:RAYTOOLS|Model:HTCCAM322|Para Birimi:TL|Dış Çap:32mm|Kalınlık:2mm|Kaplama:AR K9 @ 1064nm T- 1080nm T|Yansıma Yüzeyi:15J/cm2|Yüzey Kalitesi:20/10|Max Güç:8000W (8kw),https://www.htclazer.com/image/cache/data/2026/logo/main-picture-800x800.jpg,,D32 d2 Lens Koruma Camı (Japon Ham Madde-%99 Işın İletimi) | HTC Lazer,D32 d2 Lens Koruma Camı (Japon Ham Madde-%99 Işın İletimi),https://www.htclazer.com/og-y-d32-d2-8kw-lens-koruma-cami,TRY,d32|lens|koruma|camı|(japon|ham|madde-%99|ışın|iletimi)|htccam322|raytools|camları,publish
HTCSER004X,Precitec Procutter 2.0 KT X Seramik P0595-92036,precitec-procutter-2-0-kt-x-seramik-p0595-92036-htcser004x,Precitec Procutter 2.0 Uyumlu Yüksek Kaliteli Seramik; Dış Çap: 31mm / 26.5mm İç Çap: M15 Pim Kaplama: Gold-Plated.Max Güç: 10000W (10kw) Kullanılan Makina Markaları: Pecitec Procutter 2.0 Menşe Ülke: Almanya,Precitec Procutter 2.0 KT X Seramik P0595-92036,699.00,207,instock,Seramikler,PRECITEC,Marka:PRECITEC|Model:HTCSER004X|Para Birimi:TL|Dış Çap:31mm / 26.5mm|İç Çap:M15 Pim|Kaplama:Gold-Plated.Max Güç: 10000W (10kw)|Max Güç:10000W (10kw)|Menşe:Almanya,https://www.htclazer.com/image/cache/data/csm-kt-x-p0595-92036-6a73fa2367-800x800.jpg,,Precitec Procutter 2.0 KT X Seramik P0595-92036 | HTC Lazer,Precitec Procutter 2.0 KT X Seramik P0595-92036,https://www.htclazer.com/precitec-procutter-2-0-kt-x-seramik-p0595-92036,TRY,precitec|procutter|2.0|seramik|p0595-92036|htcser004x|precıtec|seramikler,publish
HTCCAM3716,D37 d1.6 RayTools Lens Koruma Camı (Japon Ham Madde-%99 Işın İletimi),d37-d1-6-raytools-lens-koruma-cami-japon-ham-madde-99-isin-iletimi-htccam3716,RayTools Lens Koruma Camı (ÜST) Japan Silica Glass Dış Çap: 37mm Kalınlık: 1.6mm Kaplama: AR K9 @ 1064nm T- 1080nm T Yansıma Yüzeyi: 15J/cm2 Yüzey Kalitesi: 20/10 Max Güç: 10000W (10kw) Kullanılan RayTools Kafa Modelleri: 'HTC LAZER MAKİNE SERVİS VE YEDEK PARÇA SATIŞI TİC. LTD. ŞTİ.' Doğrudan İthalatçı Firmadır.,D37 d1.6 RayTools Lens Koruma Camı (Japon Ham Madde-%99 Işın İletimi),299.00,6,instock,Koruma Camları,RAYTOOLS,Marka:RAYTOOLS|Model:HTCCAM3716|Para Birimi:TL|Dış Çap:37mm|Kalınlık:1.6mm|Kaplama:AR K9 @ 1064nm T- 1080nm T|Yansıma Yüzeyi:15J/cm2|Yüzey Kalitesi:20/10|Max Güç:10000W (10kw),https://www.htclazer.com/image/cache/data/h5677f483b33041f7a0a4489b6dd3622eo-800x800.jpg,,D37 d1.6 RayTools Lens Koruma Camı (Japon Ham Madde-%99 Işın İletimi) | HTC Lazer,D37 d1.6 RayTools Lens Koruma Camı (Japon Ham Madde-%99 Işın İletimi),https://www.htclazer.com/raytools-og-y-d37-d1-6-6kw-lens-koruma-cami,TRY,d37|d1.6|raytools|lens|koruma|camı|(japon|ham|madde-%99|ışın|iletimi)|htccam3716|camları,publish
HTCCAM202,D20 d2 Lazer Kaynak Lens Koruma Camı (Japon Ham Madde-%99 Işın İletimi),d20-d2-lazer-kaynak-lens-koruma-cami-japon-ham-madde-99-isin-iletimi-htccam202,Kaynak Lazeri Lens Koruma Camisi Japonya Silika Camı Dış Çap: 20mm Kalınlık: 2mm Kaplama: AR K9 @ 1064nm T- 1080nm T Yansıma Yüzeyi: 15J/cm2 Yüzey Kalitesi: 20/10 Maksimum Güç: 8000W (8kw) 'HTC LAZER MAKİNE SERVİS VE YEDEK PARÇA SATIŞI TİC. LTD. ŞTİ.' Doğrudan İthalatçı Firmadır.,D20 d2 Lazer Kaynak Lens Koruma Camı (Japon Ham Madde-%99 Işın İletimi),249.00,194,instock,Lazer Kaynak Sarfları,LAZER KAYNAK,Marka:LAZER KAYNAK|Model:HTCCAM202|Para Birimi:TL|Dış Çap:20mm|Kalınlık:2mm|Kaplama:AR K9 @ 1064nm T- 1080nm T|Yansıma Yüzeyi:15J/cm2|Yüzey Kalitesi:20/10|Max Güç:8000W (8kw),https://www.htclazer.com/image/cache/data/images-2--800x800.jpeg,,D20 d2 Lazer Kaynak Lens Koruma Camı (Japon Ham Madde-%99 Işın İletimi) | HTC Lazer,D20 d2 Lazer Kaynak Lens Koruma Camı (Japon Ham Madde-%99 Işın İletimi),https://www.htclazer.com/og-y-d20-d2-6kw-lens-koruma-cami-kaynak-lazeri,TRY,d20|lazer|kaynak|lens|koruma|camı|(japon|ham|madde-%99|ışın|iletimi)|htccam202|sarfları,publish
HTCCAM32635,D32 d6.35 Salvagnini Lens Koruma Camı (Japon Ham Madde-%99 Işın İletimi),d32-d6-35-salvagnini-lens-koruma-cami-japon-ham-madde-99-isin-iletimi-htccam32635,Salvagnini Lens Koruma Camı Japan Silica Glass Dış Çap: 32mm Kalınlık: 6.35mm Kaplama: AR K9 @ 1064nm T- 1080nm T Yansıma Yüzeyi: 15J/cm2 Yüzey Kalitesi: 20/10 Max Güç: 10000W (10kw) Kullanılan Makine Modelleri: Salvagnini 'HTC LAZER MAKİNE SERVİS VE YEDEK PARÇA SATIŞI TİC. LTD. ŞTİ.' Doğrudan İthalatçı Firmadır.,D32 d6.35 Salvagnini Lens Koruma Camı (Japon Ham Madde-%99 Işın İletimi),399.00,48,instock,Koruma Camları,WSX,Marka:WSX|Model:HTCCAM32635|Para Birimi:TL|Dış Çap:32mm|Kalınlık:6.35mm|Kaplama:AR K9 @ 1064nm T- 1080nm T|Yansıma Yüzeyi:15J/cm2|Yüzey Kalitesi:20/10|Max Güç:10000W (10kw),https://www.htclazer.com/image/cache/data/71pu3wo63ol-800x800.jpg,,D32 d6.35 Salvagnini Lens Koruma Camı (Japon Ham Madde-%99 Işın İletimi) | HTC Lazer,D32 d6.35 Salvagnini Lens Koruma Camı (Japon Ham Madde-%99 Işın İletimi),https://www.htclazer.com/salvagnini-og-y-d32-d6-35-10kw-lens-koruma-cami,TRY,d32|d6.35|salvagnini|lens|koruma|camı|(japon|ham|madde-%99|ışın|iletimi)|htccam32635|wsx|camları,publish
HTCCAM203,D20 d3 Lazer kaynak Lens Koruma Camı (Japon Ham Madde-%99 Işın İletimi),d20-d3-lazer-kaynak-lens-koruma-cami-japon-ham-madde-99-isin-iletimi-htccam203,Kaynak Lazeri Lens Koruma Camı Japan Silica Glass Dış Çap: 20mm Kalınlık: 3mm Kaplama: AR K9 @ 1064nm T- 1080nm T Yansıma Yüzeyi: 15J/cm2 Yüzey Kalitesi: 20/10 Max Güç: 8000W (8kw) Kullanılan Makine Modelleri: Kaynak Lazeri,D20 d3 Lazer kaynak Lens Koruma Camı (Japon Ham Madde-%99 Işın İletimi),249.00,159,instock,Lazer Kaynak Sarfları,LAZER KAYNAK,Marka:LAZER KAYNAK|Model:HTCCAM203|Para Birimi:TL|Dış Çap:20mm|Kalınlık:3mm|Kaplama:AR K9 @ 1064nm T- 1080nm T|Yansıma Yüzeyi:15J/cm2|Yüzey Kalitesi:20/10|Max Güç:8000W (8kw),https://www.htclazer.com/image/cache/data/2026/logo/koruma-cami-800x800.jpg,,D20 d3 Lazer kaynak Lens Koruma Camı (Japon Ham Madde-%99 Işın İletimi) | HTC Lazer,D20 d3 Lazer kaynak Lens Koruma Camı (Japon Ham Madde-%99 Işın İletimi),https://www.htclazer.com/lazer-kaynak-og-y-d20-d3-8kw-lens-koruma-cami,TRY,d20|lazer|kaynak|lens|koruma|camı|(japon|ham|madde-%99|ışın|iletimi)|htccam203|sarfları,publish
HTCCAM27941,D27.9 d4.1 Raytools  Lens Koruma Camı,d27-9-d4-1-raytools-lens-koruma-cami-htccam27941,"RayTools Lens Koruma Camı (ALT) Orjinal Ürün Dış Çap: 27.9 (28)mm Kalınlık: 4.1 (4)mm Kaplama: AR K9 @ 1064nm T- 1080nm T Yansıma Yüzeyi: 15J/cm2 Yüzey Kalitesi: 20/10 Max Güç: Orjinal Ürün: 10000W (10kw) Oem Ürün: 6000w (6kw) Kullanılan RayTools Kafa Modelleri: BT240S, BM109, BM111, BD04K 'HTC LAZER MAKİNE SERVİS VE YEDEK PARÇA SATIŞI TİC. LTD. ŞTİ.' Doğrudan İthalatçı Firmadır.",D27.9 d4.1 Raytools  Lens Koruma Camı,299.00,757,instock,Koruma Camları,RAYTOOLS,Marka:RAYTOOLS|Model:HTCCAM27941|Para Birimi:TL|Dış Çap:27.9 (28)mm|Kalınlık:4.1 (4)mm|Kaplama:AR K9 @ 1064nm T- 1080nm T|Yansıma Yüzeyi:15J/cm2|Yüzey Kalitesi:20/10|Max Güç:Orjinal Ürün: 10000W (10kw) Oem Ürün: 6000w (6kw),https://www.htclazer.com/image/cache/data/urunler/RAYTOOLS/images-800x800.jpg,,D27.9 d4.1 Raytools  Lens Koruma Camı | HTC Lazer,D27.9 d4.1 Raytools  Lens Koruma Camı,https://www.htclazer.com/raytools-og-y-d27-9-d4-1-orjinal-lens-koruma-cami,TRY,d27.9|d4.1|raytools|lens|koruma|camı|htccam27941|camları,publish
HTCCAM24915,D24.9 d1.5 Raytools Lens Koruma Camı,d24-9-d1-5-raytools-lens-koruma-cami-htccam24915,"RayTools Lens Koruma Camı (ÜST) Dış Çap: 24.9mm Kalınlık: 1.5mm Kaplama: AR K9 @ 1064nm T- 1080nm T Yansıma Yüzeyi: 15J/cm2 Yüzey Kalitesi: 20/10 Max Güç: Orjinal Ürün: 10000W (10kw) Muadil Ürün: 6000w (6kw) Kullanılan RayTools Kafa Modelleri: BT240S, BM109, BM111, BD04K, BS04K, BM06K, BS08K, BM114, BD08K, B 'HTC LAZER MAKİNE SERVİS VE YEDEK PARÇA SATIŞI TİC. LTD. ŞTİ.' Doğrudan İthalatçı Firmadır.",D24.9 d1.5 Raytools Lens Koruma Camı,299.00,307,instock,Koruma Camları,RAYTOOLS,Marka:RAYTOOLS|Model:HTCCAM24915|Para Birimi:TL|Dış Çap:24.9mm|Kalınlık:1.5mm|Kaplama:AR K9 @ 1064nm T- 1080nm T|Yansıma Yüzeyi:15J/cm2|Yüzey Kalitesi:20/10|Max Güç:Orjinal Ürün: 10000W (10kw) Muadil Ürün: 6000w (6kw),https://www.htclazer.com/image/cache/data/urunler/RAYTOOLS/41nt8wpqyil.-ac-sy1000--800x800.jpg,,D24.9 d1.5 Raytools Lens Koruma Camı | HTC Lazer,D24.9 d1.5 Raytools Lens Koruma Camı,https://www.htclazer.com/raytools-og-y-d24-9-d1-5-lens-koruma-cami-ust-2,TRY,d24.9|d1.5|raytools|lens|koruma|camı|htccam24915|camları,publish
HTCCAM182,D18 d2 Lazer kaynak Lens Koruma Camı (Japon Ham Madde-%99 Işın İletimi),d18-d2-lazer-kaynak-lens-koruma-cami-japon-ham-madde-99-isin-iletimi-htccam182,Kaynak Lazeri Lens Koruma Camı Japan Silica Glass Dış Çap: 18mm Kalınlık: 2mm Kaplama: AR K9 @ 1064nm T- 1080nm T Yansıma Yüzeyi: 15J/cm2 Yüzey Kalitesi: 20/10 Max Güç: 10000W (10kw) Kullanılan Makine Modelleri: Kaynak Lazeri 'HTC LAZER MAKİNE SERVİS VE YEDEK PARÇA SATIŞI TİC. LTD. ŞTİ.' Doğrudan İthalatçı Firmadır.,D18 d2 Lazer kaynak Lens Koruma Camı (Japon Ham Madde-%99 Işın İletimi),249.00,970,instock,Lazer Kaynak Sarfları,LAZER KAYNAK,Marka:LAZER KAYNAK|Model:HTCCAM182|Para Birimi:TL|Dış Çap:18mm|Kalınlık:2mm|Kaplama:AR K9 @ 1064nm T- 1080nm T|Yansıma Yüzeyi:15J/cm2|Yüzey Kalitesi:20/10|Max Güç:10000W (10kw),https://www.htclazer.com/image/cache/data/419grdvprxl.-ac-sl1000--800x800.jpg,,D18 d2 Lazer kaynak Lens Koruma Camı (Japon Ham Madde-%99 Işın İletimi) | HTC Lazer,D18 d2 Lazer kaynak Lens Koruma Camı (Japon Ham Madde-%99 Işın İletimi),https://www.htclazer.com/lazer-kaynak-og-y-d18-d2-8kw-lens-koruma-cami-2,TRY,d18|lazer|kaynak|lens|koruma|camı|(japon|ham|madde-%99|ışın|iletimi)|htccam182|sarfları,publish
M11FCNZS,D28 H15 M11 Fast Cut Single Nozzle (Avrupa Üretim),d28-h15-m11-fast-cut-single-nozzle-avrupa-uretim-m11fcnzs,D28 H15 M11 Fast Cut Single Nozzle (Avrupa Üretim) için HTC Lazer eski mağaza verisinden aktarılan ürün kaydı.,D28 H15 M11 Fast Cut Single Nozzle (Avrupa Üretim),199.00,120,instock,Nozullar,PRECITEC,Marka:PRECITEC|Model:M11FCNZS|Para Birimi:TL,https://www.htclazer.com/image/cache/data/2.0-800x800.jpg,,D28 H15 M11 Fast Cut Single Nozzle (Avrupa Üretim) | HTC Lazer,D28 H15 M11 Fast Cut Single Nozzle (Avrupa Üretim),https://www.htclazer.com/precitec-single-2-0mm-hizli-kesim-nozzle,TRY,d28|h15|m11|fast|cut|single|nozzle|(avrupa|üretim)|m11fcnzs|precıtec|nozullar,publish
HTCCAM402,D40 d2 Lazer kaynak Lens Koruma Camı (Japon Ham Madde-%99 Işın İletimi),d40-d2-lazer-kaynak-lens-koruma-cami-japon-ham-madde-99-isin-iletimi-htccam402,Kaynak Lazeri Lens Koruma Camı Dış Çap: 40mm Kalınlık: 2mm Kaplama: AR K9 @ 1064nm T- 1080nm T Yansıma Yüzeyi: 15J/cm2 Yüzey Kalitesi: 20/10 Max Güç: 8000W (8kw) Kullanılan Makine Modelleri: Kaynak Lazeri Menşe Ülke: Tayvan,D40 d2 Lazer kaynak Lens Koruma Camı (Japon Ham Madde-%99 Işın İletimi),299.00,98,instock,Lazer Kaynak Sarfları,LAZER KAYNAK,Marka:LAZER KAYNAK|Model:HTCCAM402|Para Birimi:TL|Dış Çap:40mm|Kalınlık:2mm|Kaplama:AR K9 @ 1064nm T- 1080nm T|Yansıma Yüzeyi:15J/cm2|Yüzey Kalitesi:20/10|Max Güç:8000W (8kw)|Menşe:Tayvan,https://www.htclazer.com/image/cache/data/419grdvprxl.-ac-sl1000--800x800.jpg,,D40 d2 Lazer kaynak Lens Koruma Camı (Japon Ham Madde-%99 Işın İletimi) | HTC Lazer,D40 d2 Lazer kaynak Lens Koruma Camı (Japon Ham Madde-%99 Işın İletimi),https://www.htclazer.com/lazer-kaynak-og-y-d40-d2-8kw-lens-koruma-cami-2,TRY,d40|lazer|kaynak|lens|koruma|camı|(japon|ham|madde-%99|ışın|iletimi)|htccam402|sarfları,publish
HTCCAM2544,D25.4 d4 Boci Cutting Head Lens Koruma Camı,d25-4-d4-boci-cutting-head-lens-koruma-cami-htccam2544,Boci Lens Koruma Camı Japan Silica Glass Dış Çap: 25.4mm Kalınlık: 4mm Kaplama: AR K9 @ 1064nm T- 1080nm T Yansıma Yüzeyi: 15J/cm2 Yüzey Kalitesi: 20/10 Max Güç: 8000W (8kw) Kullanılan Makine Modelleri: BOCİ 'HTC LAZER MAKİNE SERVİS VE YEDEK PARÇA SATIŞI TİC. LTD. ŞTİ.' Doğrudan İthalatçı Firmadır.,D25.4 d4 Boci Cutting Head Lens Koruma Camı,299.00,600,instock,Koruma Camları,BOCI,Marka:BOCI|Model:HTCCAM2544|Para Birimi:TL|Dış Çap:25.4mm|Kalınlık:4mm|Kaplama:AR K9 @ 1064nm T- 1080nm T|Yansıma Yüzeyi:15J/cm2|Yüzey Kalitesi:20/10|Max Güç:8000W (8kw),https://www.htclazer.com/image/cache/data/urunler/indir-800x800.jpeg,,D25.4 d4 Boci Cutting Head Lens Koruma Camı | HTC Lazer,D25.4 d4 Boci Cutting Head Lens Koruma Camı,https://www.htclazer.com/boci-cutting-head-og-y-d25-4-d4-10kw-lens-koruma-cami,TRY,d25.4|boci|cutting|head|lens|koruma|camı|htccam2544|bocı|camları,publish
HTCCAM377O,D37 d7 Precitec Orjinal P0595-58601 Lens Koruma Camı (Avrupa Ham Madde-%99.9 Işın İletimi),d37-d7-precitec-orjinal-p0595-58601-lens-koruma-cami-avrupa-ham-madde-99-9-isin-iletimi-htccam377o,"Precitec ProCutter, Raytools, Bodor Lens Koruma Camı Orjinal Ürün Germany Technology Silica Glass Dış Çap: 37mm Kalınlık: 7mm Kaplama: AR K9 @ 1064nm T- 1080nm T Yansıma Yüzeyi: 15J/cm2 Yüzey Kalitesi: 20/10 Max Güç: 20000W (20kw) Kullanılan Makina Markaları:Ermaksan, Dener, Mvd, Accurl ve Tüm ProCutter'lar. 'HTC LAZER MAKİNE SERVİS VE YEDEK PARÇA SATIŞI TİC. LTD. ŞTİ.' Doğrudan İthalatçı Firmadır.",D37 d7 Precitec Orjinal P0595-58601 Lens Koruma Camı (Avrupa Ham Madde-%99.9 Işın İletimi),35.00,25,instock,Koruma Camları,PRECITEC,Marka:PRECITEC|Model:HTCCAM377O|Para Birimi:EUR|Dış Çap:37mm|Kalınlık:7mm|Kaplama:AR K9 @ 1064nm T- 1080nm T|Yansıma Yüzeyi:15J/cm2|Yüzey Kalitesi:20/10|Max Güç:20000W (20kw),https://www.htclazer.com/image/cache/data/71pu3wo63ol-800x800.jpg,,D37 d7 Precitec Orjinal P0595-58601 Lens Koruma Camı (Avrupa Ham Madde-%99.9 Işın İletimi) | HTC Lazer,D37 d7 Precitec Orjinal P0595-58601 Lens Koruma Camı (Avrupa Ham Madde-%99.9 Işın İletimi),https://www.htclazer.com/precitec-bodor-raytools-og-y-d37-d7-p0595-58601-lens-koruyucu-cam,EUR,d37|precitec|orjinal|p0595-58601|lens|koruma|camı|(avrupa|ham|madde-%99.9|ışın|iletimi)|htccam377o|precıtec|camları,publish
HTCSERO001,Precitec Orjinal KT B2 CON P0571-1051-00001 Seramik,precitec-orjinal-kt-b2-con-p0571-1051-00001-seramik-htcsero001,"Precitec, Bodor, Raytools Uyumlu Yüksek Kaliteli Seramik; Dış Çap: 28mm / 24.5mm İç Çap: M11 Pim Kaplama: Gold-Plated Max Güç: 12000W (12kw) Kullanılan Makina Markaları: Durma, Ermaksan, Dener, Mvd, Accurl ve Tüm Precitec'ler. Menşe Ülke: Almanya",Precitec Orjinal KT B2 CON P0571-1051-00001 Seramik,65.00,0,outofstock,Seramikler,PRECITEC,Marka:PRECITEC|Model:HTCSERO001|Para Birimi:EUR|Dış Çap:28mm / 24.5mm|İç Çap:M11 Pim|Kaplama:Gold-Plated|Max Güç:12000W (12kw)|Menşe:Almanya,https://www.htclazer.com/image/cache/data/2026/seramik8-photoroom-1-800x800.png,,Precitec Orjinal KT B2 CON P0571-1051-00001 Seramik | HTC Lazer,Precitec Orjinal KT B2 CON P0571-1051-00001 Seramik,https://www.htclazer.com/precitec-bodor-raytools-kt-b2-con-p0571-1051-00001-seramik,EUR,precitec|orjinal|con|p0571-1051-00001|seramik|htcsero001|precıtec|seramikler,publish
M11FCNZD,D28 H15 M11 Fast Cut Double Nozzle (Avrupa Üretim),d28-h15-m11-fast-cut-double-nozzle-avrupa-uretim-m11fcnzd,D28 H15 M11 Fast Cut Double Nozzle (Avrupa Üretim) için HTC Lazer eski mağaza verisinden aktarılan ürün kaydı.,D28 H15 M11 Fast Cut Double Nozzle (Avrupa Üretim),199.00,184,instock,Nozullar,PRECITEC,Marka:PRECITEC|Model:M11FCNZD|Para Birimi:TL,https://www.htclazer.com/image/cache/data/htchiznzde-800x800.jpg,,D28 H15 M11 Fast Cut Double Nozzle (Avrupa Üretim) | HTC Lazer,D28 H15 M11 Fast Cut Double Nozzle (Avrupa Üretim),https://www.htclazer.com/hizli-kesim-double-1-2mm-e-d28-tam-konik-nozzle,TRY,d28|h15|m11|fast|cut|double|nozzle|(avrupa|üretim)|m11fcnzd|precıtec|nozullar,publish
M15KTXS,M15 D30 H18.6 Procutter 2.0 KTX Single Nozzle (Avrupa Üretim),m15-d30-h18-6-procutter-2-0-ktx-single-nozzle-avrupa-uretim-m15ktxs,Marka HTC Menşei Avrupa Yapı Nozul Tip DE Hava Kanalı YOK (SİNGLE) Materyal Bakır Seramik Tipi KT X Dış Çap (mm) Ø 30 Yükseklik (mm) 18.6 Vida Çapı/Diş (mm) M 15 Oto. Nozul Değiştirme Evet Uyumlu Olduğu Kafa ProCutter 2.0 'HTC LAZER MAKİNE SERVİS VE YEDEK PARÇA SATIŞI TİC. LTD. ŞTİ.' Doğrudan İthalatçı Firmadır.,M15 D30 H18.6 Procutter 2.0 KTX Single Nozzle (Avrupa Üretim),499.00,70,instock,Nozullar,PRECITEC,Marka:PRECITEC|Model:M15KTXS|Para Birimi:TL,https://www.htclazer.com/image/cache/data/ktx-single-nozzle-600x800-1--800x800.jpeg,,M15 D30 H18.6 Procutter 2.0 KTX Single Nozzle (Avrupa Üretim) | HTC Lazer,M15 D30 H18.6 Procutter 2.0 KTX Single Nozzle (Avrupa Üretim),https://www.htclazer.com/precitec-procutter-2-0-ktx-single-nozzle-1-0mm,TRY,m15|d30|h18.6|procutter|2.0|ktx|single|nozzle|(avrupa|üretim)|m15ktxs|precıtec|nozullar,publish
M15KTXD,M15 D30 H18.6 Procutter 2.0 KTX Double Nozzle (Avrupa Üretim),m15-d30-h18-6-procutter-2-0-ktx-double-nozzle-avrupa-uretim-m15ktxd,Marka HTC Menşei Avrupa Yapı Nozul Tip DE Hava Kanalı Var (DOUBLE) Materyal Bakır Seramik Tipi KT X Dış Çap (mm) Ø 30 Yükseklik (mm) 18.6 Vida Çapı/Diş (mm) M 15 Oto. Nozul Değiştirme Evet Uyumlu Olduğu Kafa ProCutter 2.0 'HTC LAZER MAKİNE SERVİS VE YEDEK PARÇA SATIŞI TİC. LTD. ŞTİ.' Doğrudan İthalatçı Firmadır.,M15 D30 H18.6 Procutter 2.0 KTX Double Nozzle (Avrupa Üretim),499.00,90,instock,Nozullar,PRECITEC,Marka:PRECITEC|Model:M15KTXD|Para Birimi:TL,https://www.htclazer.com/image/cache/data/ktx-double-800x800.jpg,,M15 D30 H18.6 Procutter 2.0 KTX Double Nozzle (Avrupa Üretim) | HTC Lazer,M15 D30 H18.6 Procutter 2.0 KTX Double Nozzle (Avrupa Üretim),https://www.htclazer.com/precitec-procutter-2-0-ktx-double-nozzle-1-2mm,TRY,m15|d30|h18.6|procutter|2.0|ktx|double|nozzle|(avrupa|üretim)|m15ktxd|precıtec|nozullar,publish
HTCCAM302,D30 d2 Lazer kaynak Lens Koruma Camı (Japon Ham Madde-%99 Işın İletimi),d30-d2-lazer-kaynak-lens-koruma-cami-japon-ham-madde-99-isin-iletimi-htccam302,Kaynak Lazeri Lens Koruma Camı Japan Silica Glass Dış Çap: 24.4mm Kalınlık: 2mm Kaplama: AR K9 @ 1064nm T- 1080nm T Yansıma Yüzeyi: 15J/cm2 Yüzey Kalitesi: 20/10 Max Güç: 8000W (8kw) Kullanılan Makine Modelleri: Kaynak Lazeri 'HTC LAZER MAKİNE SERVİS VE YEDEK PARÇA SATIŞI TİC. LTD. ŞTİ.' Doğrudan İthalatçı Firmadır.,D30 d2 Lazer kaynak Lens Koruma Camı (Japon Ham Madde-%99 Işın İletimi),259.00,500,instock,Lazer Kaynak Sarfları,LAZER KAYNAK,Marka:LAZER KAYNAK|Model:HTCCAM302|Para Birimi:TL|Dış Çap:24.4mm|Kalınlık:2mm|Kaplama:AR K9 @ 1064nm T- 1080nm T|Yansıma Yüzeyi:15J/cm2|Yüzey Kalitesi:20/10|Max Güç:8000W (8kw),https://www.htclazer.com/image/cache/data/419grdvprxl.-ac-sl1000--800x800.jpg,,D30 d2 Lazer kaynak Lens Koruma Camı (Japon Ham Madde-%99 Işın İletimi) | HTC Lazer,D30 d2 Lazer kaynak Lens Koruma Camı (Japon Ham Madde-%99 Işın İletimi),https://www.htclazer.com/d30-d2-lazer-kaynak-lens-koruma-cami,TRY,d30|lazer|kaynak|lens|koruma|camı|(japon|ham|madde-%99|ışın|iletimi)|htccam302|sarfları,publish
HTCCAM204,D20 d4 Lazer kaynak Lens Koruma Camı (Japon Ham Madde-%99 Işın İletimi),d20-d4-lazer-kaynak-lens-koruma-cami-japon-ham-madde-99-isin-iletimi-htccam204,Kaynak Lazeri Lens Koruma Camı Japan Silica Glass Dış Çap: 24.4mm Kalınlık: 2mm Kaplama: AR K9 @ 1064nm T- 1080nm T Yansıma Yüzeyi: 15J/cm2 Yüzey Kalitesi: 20/10 Max Güç: 8000W (8kw) Kullanılan Makine Modelleri: Kaynak Lazeri 'HTC LAZER MAKİNE SERVİS VE YEDEK PARÇA SATIŞI TİC. LTD. ŞTİ.' Doğrudan İthalatçı Firmadır.,D20 d4 Lazer kaynak Lens Koruma Camı (Japon Ham Madde-%99 Işın İletimi),249.00,500,instock,Lazer Kaynak Sarfları,LAZER KAYNAK,Marka:LAZER KAYNAK|Model:HTCCAM204|Para Birimi:TL|Dış Çap:24.4mm|Kalınlık:2mm|Kaplama:AR K9 @ 1064nm T- 1080nm T|Yansıma Yüzeyi:15J/cm2|Yüzey Kalitesi:20/10|Max Güç:8000W (8kw),https://www.htclazer.com/image/cache/data/419grdvprxl.-ac-sl1000--800x800.jpg,,D20 d4 Lazer kaynak Lens Koruma Camı (Japon Ham Madde-%99 Işın İletimi) | HTC Lazer,D20 d4 Lazer kaynak Lens Koruma Camı (Japon Ham Madde-%99 Işın İletimi),https://www.htclazer.com/d20-d4-lazer-kaynak-lens-koruma-cami,TRY,d20|lazer|kaynak|lens|koruma|camı|(japon|ham|madde-%99|ışın|iletimi)|htccam204|sarfları,publish
HTCSER019,EC Lazer Seramik,ec-lazer-seramik-htcser019,EC Laser Seramik Yüksek Kaliteli Seramik; Dış Çap: 28mm / 24.2mm Yükseklik: 12mm İç Çap: M11 Pim Kaplama: Gold-Plated Max Güç: 12000W (12kw) Kullanılan Makina Markaları: Menşe Ülke: Tayvan,EC Lazer Seramik,599.00,18,instock,Seramikler,PRECITEC,Marka:PRECITEC|Model:HTCSER019|Para Birimi:TL|Dış Çap:28mm / 24.2mm|İç Çap:M11 Pim|Kaplama:Gold-Plated|Max Güç:12000W (12kw)|Menşe:Tayvan,https://www.htclazer.com/image/cache/data/ec-laser-1(1)-800x800.png,,EC Lazer Seramik | HTC Lazer,EC Lazer Seramik,https://www.htclazer.com/korumacami-htclazer-seramik-durma-ermaksan-nukon-precitec-lazer-lazerkesim-procutter-durmazlar-lazersarfmalzeme-fiber-cam-lazeryedekparca-lazercam-fiberlazer-lens-goz-bodor-mekotek-gweikelazer-gweike-jaguar-chinalaser-pars-cinlazer-hsg-lazerkesimmakinasi,TRY,lazer|seramik|htcser019|precıtec|seramikler,publish
M11STNZS,D28 H15 M11 Single Nozzle (Avrupa Üretim),d28-h15-m11-single-nozzle-avrupa-uretim-m11stnzs,"Marka HTC Menşei Avrupa Yapı Dışı Konik Tip HP Hava Kanalı Yok (SINGLE) Materyal Bakır Seramik Tipi KT B2 - KT XB Dış Çap (mm) Ø 28 Yükseklik (mm) 15 Vida Çapı/Diş (mm) M 11 Oto. Nozul Değiştirme Hayır Uyumlu Olduğu Kafa ProCutter 1.0 ProCutter 2.0 (KT XB ile) LıghtCutter 1.0 - 2.0 HpSSL - HpSSL Plus MiniCutter 2D, BOCİ 'HTC LAZER MAKİNE SERVİS VE YEDEK PARÇA SATIŞI TİC. LTD. ŞTİ.' Doğrudan İthalatçı Firmadır.",D28 H15 M11 Single Nozzle (Avrupa Üretim),169.00,1017,instock,Nozullar,PRECITEC,Marka:PRECITEC|Model:M11STNZS|Para Birimi:TL,https://www.htclazer.com/image/cache/data/nozzle/single/nozzle_single_duz-800x800.jpg,,D28 H15 M11 Single Nozzle (Avrupa Üretim) | HTC Lazer,D28 H15 M11 Single Nozzle (Avrupa Üretim),https://www.htclazer.com/precitec-single-2-5mm-p0591-576-00025-nozzle-2,TRY,d28|h15|m11|single|nozzle|(avrupa|üretim)|m11stnzs|precıtec|nozullar,publish
HTCCAM345,D34 d5 Boci Lens Koruma Camı (ALT),d34-d5-boci-lens-koruma-cami-alt-htccam345,"D34 d5 Boci Lens Koruma Camı (ALT) Dış Çap: 34mm Kalınlık: 5mm Kaplama: AR K9 @ 1064nm T- 1080nm T Yansıma Yüzeyi: 15J/cm2 Yüzey Kalitesi: 20/10 Max Güç: Orjinal Ürün: 20000W (20kw) Oem Ürün: 20000w (20kw) Oem Ürün: 12000W (12kw) BOCİ (BOCHU) ALT KORUMA CAMI KULLANILAN KAFA MODELLERİ: BLT682H, BLT662H, BLT642H, BLT441, BLT421S, BLT540H, BLT520H 'HTC LAZER MAKİNE SERVİS VE YEDEK PARÇA SATIŞI TİC. LTD. ŞTİ.' Doğrudan İthalatçı Firmadır.",D34 d5 Boci Lens Koruma Camı (ALT),399.00,150,instock,Koruma Camları,BOCI,"Marka:BOCI|Model:HTCCAM345|Para Birimi:TL|Dış Çap:34mm|Kalınlık:5mm|Kaplama:AR K9 @ 1064nm T- 1080nm T|Yansıma Yüzeyi:15J/cm2|Yüzey Kalitesi:20/10|Max Güç:Orjinal Ürün: 20000W (20kw) Oem Ürün: 20000w (20kw) Oem Ürün: 12000W (12kw) BOCİ (BOCHU) ALT KORUMA CAMI KULLANILAN KAFA MODELLERİ: BLT682H, BLT662H, BLT642H, BLT441, BLT421S, BLT540H, BLT520H",https://www.htclazer.com/image/cache/data/boci-orijinal-lazer-koruyucu-lens-34x5-21-5x2-25-4x4-20kw-30kw-lazer-koruma-windows-blt641-800x800.jpg,,D34 d5 Boci Lens Koruma Camı (ALT) | HTC Lazer,D34 d5 Boci Lens Koruma Camı (ALT),https://www.htclazer.com/d34-d5-boci-orjinal-lens-koruma-cami-15kw,TRY,d34|boci|lens|koruma|camı|(alt)|htccam345|bocı|camları,publish
HTCCAM,Lazer kaynak Lens Koruma Camı (Japon Ham Madde-%99 Işın İletimi),lazer-kaynak-lens-koruma-cami-japon-ham-madde-99-isin-iletimi-htccam,Lazer kaynak Lens Koruma Camı (Japon Ham Madde-%99 Işın İletimi) için HTC Lazer eski mağaza verisinden aktarılan ürün kaydı.,Lazer kaynak Lens Koruma Camı (Japon Ham Madde-%99 Işın İletimi),249.00,75,outofstock,Lazer Kaynak Sarfları,LAZER KAYNAK,Marka:LAZER KAYNAK|Model:HTCCAM|Para Birimi:TL,https://www.htclazer.com/image/cache/data/419grdvprxl.-ac-sl1000--800x800.jpg,,Lazer kaynak Lens Koruma Camı (Japon Ham Madde-%99 Işın İletimi) | HTC Lazer,Lazer kaynak Lens Koruma Camı (Japon Ham Madde-%99 Işın İletimi),https://www.htclazer.com/lazer-kaynak-lens-koruma-cami-japon-ham-madde-99-isin-iletimi,TRY,lazer|kaynak|lens|koruma|camı|(japon|ham|madde-%99|ışın|iletimi)|htccam|sarfları,draft
HTCLNS007,D20 F150 t=3.0mm Kaynak Lazeri Focus Lens,d20-f150-t-3-0mm-kaynak-lazeri-focus-lens-htclns007,Dış Çap: 20mm Kalınlık: 3.0mm Odak Kırılma Noktası: 150mm Kaplama: AR K9 @ 1064nm T- 1080nm T Yansıma Yüzeyi: 15J/cm2 Yüzey Kalitesi: 20/10 Max Güç: Oem Ürün: 12000W (12kw) 'HTC LAZER MAKİNE SERVİS VE YEDEK PARÇA SATIŞI TİC. LTD. ŞTİ.' Doğrudan İthalatçı Firmadır.,D20 F150 t=3.0mm Kaynak Lazeri Focus Lens,499.00,103,instock,Lazer Kaynak Sarfları,LAZER KAYNAK,Marka:LAZER KAYNAK|Model:HTCLNS007|Para Birimi:TL|Dış Çap:20mm|Kalınlık:3.0mm|Odak:150mm|Kaplama:AR K9 @ 1064nm T- 1080nm T|Yansıma Yüzeyi:15J/cm2|Yüzey Kalitesi:20/10|Max Güç:Oem Ürün: 12000W (12kw),https://www.htclazer.com/image/cache/data/blog-5-800x800.jpg,,D20 F150 t=3.0mm Kaynak Lazeri Focus Lens | HTC Lazer,D20 F150 t=3.0mm Kaynak Lazeri Focus Lens,https://www.htclazer.com/d40-d5-lens-koruma-cami,TRY,d20|f150|t=3.0mm|kaynak|lazeri|focus|lens|htclns007|lazer|sarfları,publish
HTCLNS006,D20 F150 t=4.5mm Kaynak Lazeri Focus Lens,d20-f150-t-4-5mm-kaynak-lazeri-focus-lens-htclns006,Dış Çap: 20mm Kalınlık: 4.5mm Odak Kırılma Noktası: 150mm Kaplama: AR K9 @ 1064nm T- 1080nm T Yansıma Yüzeyi: 15J/cm2 Yüzey Kalitesi: 20/10 Max Güç: Oem Ürün: 12000W (12kw) 'HTC LAZER MAKİNE SERVİS VE YEDEK PARÇA SATIŞI TİC. LTD. ŞTİ.' Doğrudan İthalatçı Firmadır.,D20 F150 t=4.5mm Kaynak Lazeri Focus Lens,499.00,91,instock,Lazer Kaynak Sarfları,LAZER KAYNAK,Marka:LAZER KAYNAK|Model:HTCLNS006|Para Birimi:TL|Dış Çap:20mm|Kalınlık:4.5mm|Odak:150mm|Kaplama:AR K9 @ 1064nm T- 1080nm T|Yansıma Yüzeyi:15J/cm2|Yüzey Kalitesi:20/10|Max Güç:Oem Ürün: 12000W (12kw),https://www.htclazer.com/image/cache/data/blog-5-800x800.jpg,,D20 F150 t=4.5mm Kaynak Lazeri Focus Lens | HTC Lazer,D20 F150 t=4.5mm Kaynak Lazeri Focus Lens,https://www.htclazer.com/d20-f150-t-3mm-kaynak-lazeri-focus-lens,TRY,d20|f150|t=4.5mm|kaynak|lazeri|focus|lens|htclns006|lazer|sarfları,publish
HTCSER019,Boci (Bochu) Seramik,boci-bochu-seramik-htcser019,Boci (Bochu) Yüksek Kaliteli Seramik; Dış Çap: 41mm Yükseklik: 34mm İç Çap: M11 Pim Kaplama: Gold-Plated Max Güç: 20000W (20kw),Boci (Bochu) Seramik,1299.00,50,instock,Seramikler,BOCI,Marka:BOCI|Model:HTCSER019|Para Birimi:TL|Dış Çap:41mm|İç Çap:M11 Pim|Kaplama:Gold-Plated|Max Güç:20000W (20kw),https://www.htclazer.com/image/cache/data/ceramicring-1-1-800x800.jpg,,Boci (Bochu) Seramik | HTC Lazer,Boci (Bochu) Seramik,https://www.htclazer.com/ec-lazer-seramik,TRY,boci|(bochu)|seramik|htcser019|bocı|seramikler,publish
HTCSER014,Raytools M8 D19.5mm  Raytools 3D Oem Seramik,raytools-m8-d19-5mm-raytools-3d-oem-seramik-htcser014,"Bodor/Raytools/WSX/Hans/Oree/Gewek/Hsg/JQ/Mekotek Uyumlu Oem Seramik; Dış Çap: 19,5 mm / 12,5mm İç Çap: M8 Pim Kaplama: Gold-Plated Max Güç: 8000W (8kw) Kullanılan Makina Markaları: Raytools/WSX/Hans/Bodor Menşe Ülke: Almanya",Raytools M8 D19.5mm  Raytools 3D Oem Seramik,499.00,250,instock,Seramikler,RAYTOOLS,"Marka:RAYTOOLS|Model:HTCSER014|Para Birimi:TL|Dış Çap:19,5 mm / 12,5mm|İç Çap:M8 Pim|Kaplama:Gold-Plated|Max Güç:8000W (8kw)|Menşe:Almanya",https://www.htclazer.com/image/cache/data/h10afd54fa42c45bb987ae95aefb4e5cc3-800x800.jpg,,Raytools M8 D19.5mm  Raytools 3D Oem Seramik | HTC Lazer,Raytools M8 D19.5mm  Raytools 3D Oem Seramik,https://www.htclazer.com/raytools-m8-d19-5mm-raytools-3d-oem-seramik,TRY,raytools|d19.5mm|oem|seramik|htcser014|seramikler,publish
